apricot jam,g
apricot puree,g
apricot jam, g
apricot juice, glass
apricots, g
canned apricots, g
avocado,to taste
agave syrup, g
agar-agar, g
agram, g
adjika, g
green adjika,g
quince, to taste
quince puree,g
ayran, g
icing, g
shark steaks, g
alcohol, glass
strong alcohol, tbsp.
cherry plum, g
albuhara, pcs.
almehi, g
amaranth flour, g
pineapple syrup, g
pineapple juice, g
pineapples, g
dried pineapples, g
canned pineapples, to taste
anise, to taste
star anise,g
anise liqueur, ml
anise seeds, g
anchovies, g
orange water, g
orange peel,g
orange essence, tsp.
orange jam, g
candied orange fruits, g
orange jam,g
orange jam with ginger, g
orange liqueur, g
orange syrup, glass
orange juice, to taste
fresh orange juice,g
orange vinegar,tbsp.
orange extract, tsp.
oranges, g
red oranges, pcs.
large oranges, pcs.
peanuts, g
roasted peanuts, g
peanut paste,g
peanut butter,g
salted peanuts, g
watermelon pulp, g
watermelons, g
argan oil, g
arishta, g
flavor,g
"flavor ""pineapple""", to taste
"flavor ""cherry""", drop
"flavor ""raspberry""", drop
"flavor ""rum""", g
artichokes, g
artichokes in oil, g
marinated artichokes, g
aspirin, pcs.
assorted meat,g
assorted vegetables, g
assorted fruit,g
assorted berries, g
ashi, g
baguette,g
baguette of yesterday, g
mini baguette,g
badan,asterisk
star anise,pinch
lemon basil,g
fresh basil,g
dried basil,g
thai basil,handful
purple basil,g
eggplant, to taste
eggplant mini, g
thai eggplant,g
balyk, g
balsam, g
balsamic cream, glass
balsamic sauce, tbsp.
balsamic vinegar, glass
riga black balsam,tbsp. l.
okra, g
banana puree,g
banana chips, handful
banana green syrup, ml
banana liqueur, ml
bananas, g
mini bananas, g
barabulka, g
mutton liver, g
lamb leg on a bone, piece
ground lamb, g
lamb,g
steering wheels, g
lamb entrecotes, kg
lamb drumsticks, pcs.
lamb giblets, kg
lamb ribs, pcs.
lamb shoulder,kg
leg of lamb, g
lamb liver,g
barberry, g
dried barberry,tbsp. l.
ground barberry,g
basturma, g
sweet potato,g
loaf,g
chocolate bars,g
meringue,g
bacon, to taste
boiled and smoked bacon, g
raw smoked bacon, g
belorybitsa, g
birnel, ml
sponge cake mix ready, package
sponge cake, g
sponge cake crumbs, g
sponge cake,g
sponge roll, g
chocolate sponge cake, g
steak,pcs.
pancake flour, g
ready-made pancakes, g
oatmeal pancakes, pcs.
bean sprouts, g
beans, g
sprouted mung beans, g
tonka beans,pcs.
botarga, g
brezaola, g
brandy,g
frozen broccoli,g
fresh broccoli,g
frozen cranberries, g
fresh lingonberries, g
dried lingonberries, g
lingonberry jam, g
lingonberry sauce, g
cheese,to taste
serbian cheese,g
rutabaga, g
boiled pork,g
elderberry syrup, tbsp.
bouquet garni, bunch
bulgur, g
bread roll, piece
white bread roll, g
bread roll, g
buns, g
stale white buns, g
brioche buns, pcs.
yesterday's buns, pcs.
hamburger buns, pcs.
grain buns, pcs.
rye buns, a piece
sesame seed buns, pcs.
broth, g
broth cubes, g
bourbon, g
Burrata, g
buryak, g
pastry beads,tsp.
silver pastry beads, to taste
bull's tail, g
vanillin,g
vanilla in pods, g
vanilla tincture, tbsp.
vanilla essence,g
vanilla powder, g
vanilla syrup,g
vanilla extract,to taste
jam,g
wasabi, g
waffle crumb, g
waffle cakes, g
waffle tubes, g
waffles, g
chocolate waffles, g
vermicelli,g
egg vermicelli,g
vermouth, g
white vermouth,g
dry vermouth,g
ham,g
boiled ham, g
boiled and smoked ham, piece
smoked ham,g
parma ham,g
raw smoked ham, g
oyster mushrooms, g
vinaigrette, g
tartar,pinch
wine vinegar,g
white wine vinegar, g
red wine vinegar,tsp.
wine vinegar with garlic,tsp.
tarragon-based wine vinegar,tbsp.
white wine, to taste
semi-sweet white wine, g
semi-dry white wine, g
sweet white wine, g
white table wine, glass
dry white wine, g
grapes, g
seedless grapes, g
white grapes, g
isabella grapes, kg
grape jelly, tbsp.
grape leaves, g
pickled grape leaves, g
young grape leaves, pcs.
grape juice,g
clarified grape juice,tsp.
blue grapes, g
black grapes, g
dessert wine, g
dry sparkling wine, g
red wine, g
semisweet red wine, g
semi-dry red wine, g
sweet red wine, g
dry red wine, g
fortified wine, g
semi-sweet pink wine,tbsp. l.
semi-dry pink wine, g
whiskey, g
vitamin C powder, g
cherry tincture, ml
cherry jam, g
cherry leaves, g
cherry jam, g
cherry liqueur, to taste
cherry syrup, glass
cherry juice, g
cherry,g
dried cherry,g
frozen cherries, g
candied cherry confectionery, pcs.
cocktail cherry,g
maraschino cherry,pcs.
"cherry mashed with sugar", g
water, g
mineral water without gas, glass
carbonated mineral water, g
vodka, g
anise vodka,tsp.
seaweed, g
Worcestershire sauce, g
galangal root, slice
biscuits,g
hamburger, g
ganache,g
garam masala, g
garnish,g
gazpacho,g
clove,g
ground cloves, to taste
geranium leaves, g
hercules,g
glaze, g
white glaze, g
ready-made glaze, to taste
black glaze, to taste
white chocolate glaze, g
monosodium glutamate, g
glucose,g
glucose syrup, g
beef,g
beef on the bone, g
ground beef,to taste
beef tongue, g
beef heart,to taste
beef steaks, g
beef drumsticks, g
beef lungs, g
beef ribs, g
rib eye beef steaks, g
beef tenderloin, pcs.
beef brisket, kg
beef shoulder,g
beef brain bone, pcs.
beef pulp, kg
beef liver, pcs.
beef chard, g
beef neck, kg
goji,g
char fillet, pcs.
blueberries, g
frozen blueberries, g
pigeon, g
pink salmon,to taste
pink salmon in its own juice, jar
pink salmon fillet, g
gorgonzola,g
gorgonzola picante, g
peas, g
ground peas, g
pea sprouts, handful
pea soup, g
green peas, g
frozen green peas, g
canned green peas, g
fresh peas,g
mustard,g
dijon mustard,g
dijon mustard with honey, g
yellow mustard seeds, g
hot mustard,g
russian mustard,tbsp. l.
mustard seeds, g
mustard seeds,g
dry mustard,g
french mustard,g
citrus mustard,g
mustard oil, g
mustard powder, g
grana padano, tbsp. l.
pomegranate seeds, g
pomegranate paste, tbsp.
pomegranate syrup, g
pomegranate juice, g
fresh pomegranate juice, ml
pomegranate sauce, tsp.
pomegranates, g
granite,g
granola with nuts, g
grappa,tsp.
gratin,kg
grapefruit zest, g
grapefruit juice, g
grapefruits, g
pink grapefruits, g
grenadine, g
croutons, g
walnuts, g
chopped walnuts, g
buckwheat groats, g
green buckwheat groats, tbsp.
buckwheat noodles soba, g
buckwheat flour, g
buckwheat milk, glass
buckwheat flakes, g
mushrooms, g
white mushrooms, g
frozen white mushrooms, g
pickled white mushrooms, g
dry white mushrooms, g
frozen mushrooms, g
frozen mushrooms (honey mushrooms and buttermilk), g
wild mushrooms, g
pickled mushrooms, g
fresh mushrooms, g
salted mushrooms, g
canned straw mushrooms, pcs.
dry mushrooms, g
shiitake mushrooms, g
dry shiitake mushrooms, g
grill,g
grissini, g
brisket, g
boiled and smoked brisket, g
smoked brisket,to taste
pear puree, g
pear liqueur, ml
pear syrup, ml
pear juice, g
pear vinegar,tbsp.
pears, to taste
dried pears, g
gruyere, g
guava, pcs.
guanciale, g
guryevskaya porridge, g
smoked goose breast, g
goose liver,g
goose fat, tbsp.
goose, g
goose carcass, kg
daikon, g
baby food, g
jam, g
gin,g
jusay, g
titanium dioxide, g
dolma, g
dorada, pcs.
gutted dorada with head, pcs.
dorada with a head, pcs.
dorada carcass, pcs.
dragee, g
homemade yeast, g
fresh yeast, g
dry yeast,to taste
oak bark,g
oregano, g
melon,g
blackberries, g
frozen blackberries, g
ruff, g
ruff-nosar, pcs.
gelatin,g
gelatin leaf,to taste
jelly,g
jelly for cake, packaging
gelling agent, packaging
gelling sugar,g
ginseng,g
liquid smoke, g
honeysuckle,g
fat,g
melted fat, glass
cooking fat, g
vegetable fat, g
zaatar, pinch
dry breakfast,g
breakfast dry pads, g
thickener for cream,g
hare meat,g
sourdough,package
eternal sourdough, g
sugar substitute,to taste
sugar substitute stevia,g
ready-made salad dressing, g
St. John's wort,to taste
greens, g
chopped greens, g
strawberries, to taste
frozen strawberries, g
marshmallows, g
zira, g
cereal flakes, g
catfish,g
catfish fillet, g
soy protein isolate, g
raisins, g
seedless raisins, g
white raisins, g
black raisins, g
caviar, g
dried fish roe, g
grainy pink salmon roe, g
red caviar, g
caviar of small red fish, g
flying fish roe, g
salmon roe,g
capelin roe, g
halibut caviar, g
walleye roe, g
black caviar, g
ginger jam, g
ginger cookies, to taste
candied ginger,tbsp.
ginger,g
candied ginger,g
ginger root, g
pickled ginger, g
ground ginger, g
turkey,g
turkey drumstick, g
turkey breast, g
smoked turkey,g
turkey carcass, pcs.
ground turkey,g
turkey fillet, g
indoutka, pcs.
turkey liver,g
figs, g
fresh figs, g
dried figs, g
irga, g
toffee,g
italian herbs, g
yogurt,g
greek yogurt,g
fat yogurt, g
goat's yogurt, g
natural yogurt,g
low-fat yogurt, g
low-fat yogurt, g
fruit yogurt, g
zucchini,g
frozen zucchini,g
young zucchini, g
cajun spice mix,tbsp.
cocoa,handful
cocoa beans, g
cocoa butter, g
cocoa powder,to taste
skimmed cocoa powder, g
condensed cocoa, jar
viburnum, to taste
pureed viburnum, g
kalindzhi seeds, tsp.
calvados, g
squid,g
boiled squid,g
frozen squid,g
canned squid,g
squid fillet, pcs.
camembert, packaging
flounder, g
flounder fillet, g
campari, ml
golden candurine, tsp.
cannelloni, g
capellini, g
capers, g
capers in wine vinegar, g
pickled capers, g
white cabbage, g
brussels sprouts, g
frozen brussels sprouts, g
kale,g
sauerkraut,to taste
kohlrabi cabbage, g
red cabbage, g
sea cabbage, to taste
frozen sea cabbage, g
dried sea cabbage, g
peking cabbage, g
savoy cabbage, g
cauliflower,g
frozen cauliflower,g
cabbage brine, g
cappuccino,g
cuttlefish, g
peeled cuttlefish, g
carom, g
caramel,ml
caramel sauce, g
caramel with filling, g
salted caramel,g
crucian carp, g
carbonade, g
cardamom,g
cardamom grain,tsp.
ground cardamom,g
cardamom pods, pcs.
karkade, g
carp, g
mirror carp, kg
carp fillet, kg
curry,g
curry leaves, g
curry paste, package
potatoes, g
boiled potatoes, g
boiled potatoes in uniform, g
young potatoes, g
mashed potatoes, to taste
potato gnocchi, g
potato flakes, g
potato chips, g
potato starch,g
potato broth, g
frozen potato hash, g
baked potatoes, g
katyk, g
kaffir lime leaves, to taste
porridge, g
porridge for baby food, g
chestnut flour, g
chestnut cream, g
chestnuts, g
boiled chestnuts, g
canned chestnuts, g
chestnuts peeled, g
kvass, g
kvass wort, g
dry kvass concentrate, packaging
bread kvass, g
cedar flour, g
pine nuts, g
roasted pine nuts, g
chum salmon, g
hot ketchup,to taste
tomato ketchup, g
tuscan ketchup, tbsp.
kebab ketchup, g
mullet, g
kefir,to taste
kefir 1%, g
"kefir 2,5%", g
"kefir 3,2%", g
low-fat kefir, g
cashews,g
kiwano, g
kiwi fruit, kg
kiwi jelly, g
coho salmon, g
hot smoked coho salmon fillet, g
dogwood,g
sprat, g
kimchi,g
fresh coriander,clove
dried coriander,g
quinoa,g
ground quinoa, g
boiling water, g
kirsch, tbsp. l.
kissel,g
dry jelly,g
fermented milk drink Tan, ml
intestines, g
gluten,g
clementines, g
maple syrup,g
strawberries, g
strawberries in syrup, g
frozen strawberries, g
"strawberries mashed with sugar", g
dried strawberries, g
strawberry jam,g
strawberry jelly, packaging
strawberry puree,g
strawberry jam,g
strawberry jam thick, ml
strawberry compote, glass
strawberry liqueur, g
strawberry syrup, g
cranberries, g
dried cranberries, g
frozen cranberries, g
"cranberries, mashed with sugar", g
cranberry jam, g
cranberry jam, g
cranberry juice,tbsp. l.
cranberry syrup, g
cranberry sauce, g
goat liver,g
young goat meat, kg
coca-cola, tbsp. l.
coconut water, glass
coconut flour, tbsp.
coconut chips, g
coconut chips colored, g
coconut oil, ml
coconut milk, g
coconut cream,g
coconut liqueur, tbsp.
coconut extract, g
coconuts, g
stake, g
sausage, g
boiled sausage, g
boiled and smoked sausage, g
smoked sausage,g
blood sausage, g
semi-smoked sausage, g
raw smoked sausage, g
fresh pork sausage (salsiccia), pcs.
sausages, g
sausages for frying, g
homemade sausages, pcs.
hunting sausages, g
raw smoked sausages, pcs.
compote, g
hemp oil, tbsp.
hemp seeds, g
candies, to taste
M&M's candies, g
liquorice chewable candies, g
Ladybug candies, g
Truffle candies, g
jam,to taste
confiturka, packaging
cognac, g
smoked products, g
roots, to taste
coriander,g
coriander greens, g
ground coriander,g
coriander seeds, g
cinnamon,tbsp. l.
cinnamon,g
ground cinnamon,g
gherkins, g
pickled gherkins, g
smelt,g
hot smoked smelt,g
bones, g
brain bones, g
sugar bone,g
coffee beans, glass
green coffee, g
chocolate-covered coffee beans, g
coffee liqueur, g
Kahlua coffee liqueur, ml
coffee drink, ml
coffee syrup, g
coffee extract, ml
ground coffee, tbsp.
instant coffee, g
freshly brewed coffee, g
black coffee, g
espresso coffee, glass
crab meat, g
crab sticks, to taste
snow crab,to taste
crabs, g
nettle,g
food coloring gel, pcs.
food coloring, g
food coloring cherry, pinch
food coloring yellow, g
food coloring green,tbsp. l.
food coloring red, g
food coloring orange, g
food coloring purple, g
food coloring black, g
red currant,g
"red currant, mashed with sugar", tbsp. l.
rudd, pcs.
redcurrant jam, g
red wine sauce, g
starch,g
shrimp,g
frozen shrimp,g
king prawns, g
shrimps peeled, g
shrimps peeled in brine, g
salad shrimps, g
dried shrimp,g
tiger shrimps, g
cracker, g
salted cracker,g
custard cream, g
custard powder cream, g
fresh cream,g
watercress, g
blood,ml
rabbit, g
rabbit carcass, g
rabbit fillet, g
rabbit liver,g
croissants, to taste
small croutons, g
gooseberry,g
gooseberry jam, jar
corn,g
frozen corn, g
canned corn, g
corn fried kikos, g
corn groats, g
corn flour, g
corn oil, g
corn tortillas, pcs.
corn sticks, g
corn flakes, g
glazed corn flakes, g
corn chips, g
corn (golden) syrup, g
cornstarch, to taste
cumin,g
kumquats,handful
sesame seeds, g
sesame flour,g
sesame paste, g
sesame oil,g
sesame seeds,to taste
black sesame seeds,tsp.
kupaty, pcs.
dried apricots, to taste
chicken fat,g
chicken fat, g
chicken ham,g
chicken skin, g
chicken liver,g
chicken carpaccio, g
chicken fillet, g
chicken thighs, g
chicken drumsticks, g
smoked chicken drumsticks, pcs.
chicken breasts, g
boiled chicken breasts, g
smoked chicken breasts, g
chicken ventricles, pcs.
chicken bones, g
chicken wings, g
chicken legs, g
smoked chicken legs, g
chicken giblets, g
chicken hearts, g
chicken broth, g
chicken pate,g
chicken soup set, kg
ground chicken, g
chicken, g
boiled chicken, g
chicken for frying, kg
smoked chicken, g
chicken carcass, g
turmeric,g
partridges, g
couscous, g
pearl couscous, glass
carob, g
lavender,g
dried lavender,pinch
lavender dye,tsp.
pita bread,to taste
armenian lavash,g
round persian pita bread,g
thin pita bread, plast
fresh bay leaves, pcs.
bay leaf,g
lime, g
lime leaves, pcs.
lime zest,g
lime juice, g
langoustines, pcs.
noodles, g
noodles for lagman, packaging
shirataki noodles, g
egg noodles in nests, pcs.
lettuce,g
lungs, g
ice,g
lady fish carcass, pcs.
lemongrass (lemon sorghum), g
flax seeds, g
tortillas, g
Arab tortillas, pcs.
hazelnuts, g
lecho, g
leaver, g
liquor,g
Alchermes liqueur, g
Amaretto liqueur, g
Baileys liquor,g
Cointreau liqueur, g
cream liqueur, g
cream liqueur, g
lemonade,g
citric acid, g
lemon zest,g
lemongrass stalk, g
lemongrass berries, g
candied lemon crusts,g
candied lemon leaves, g
lemon juice, g
lemon vinegar,g
lemon extract, g
limoncello, g
лимоны,г
linguine, pcs.
chanterelles, g
dried chanterelles, g
lychee, pcs.
lychee compote, g
lobster,g
longan, g
long kong, pcs.
salmon milks, g
minced salmon,g
salmon, g
hot smoked salmon, g
smoked salmon, g
fresh salted salmon, g
fresh salmon, g
fresh salmon fillet, g
lightly salted salmon, g
salmon steaks, g
salmon fillet, g
salmon fillet on the skin, g
cold-smoked salmon, g
moose meat, kg
white onion,to taste
green onion, g
red onion,to taste
pickled onion, g
onion husk,g
onion powder, g
leek, handful
chives,to taste
onion,g
small onion,g
lettuce onion, pcs.
dried onion, g
shallots, g
red shallot,pcs.
flaxseed flour, g
flaxseed oil, tsp.
flaxseed,g
ground flaxseed, g
lyubistok, g
maasdam, g
madeira, g
mayonnaise, g
homemade mayonnaise, g
light mayonnaise, g
mayonnaise sauce "Sloboda" Lean, g
olive mayonnaise, g
Sloboda Light mayonnaise, g
mayonnaise "Sloboda" On quail eggs, g
Sloboda Olive mayonnaise, g
mayonnaise "Sloboda" Provencal, g
Sloboda mayonnaise With lemon juice, g
mayonnaise" Sloboda " Sour Cream, g
marjoram, g
fresh marjoram, to taste
dried marjoram,g
mac, g
pasta,g
small macaroni products, g
macaroni,g
butterfly macaroni (farfalle), g
butterfly macaroni (farfalle) mini, g
bavette pasta,g
pasta-bows, g
macaroni bucatini, g
gigli pasta,g
macaroni ditaloni,g
star-shaped macaroni,glass
orzo pasta,g
macaroni shells (conchiglie), g
conchiglie rigate pasta,g
macaroni shells large, g
risoni pasta,g
macaroni-horns (pipe rigate), g
spiral macaroni (fusilli), g
macaroni-ears (orecchiette), g
maccheroncini, g
ground poppy seeds, g
poppy seed mass, pack
raspberries, g
frozen raspberries, g
"raspberries mashed with sugar", glass
dried raspberries, g
raspberry jam, g
raspberry jelly, g
raspberry puree,g
raspberry jam,g
raspberry cream,g
raspberry syrup, tsp.
raspberry sauce, tsp.
raspberry vinegar, ml
raspberry tea, g
mango,to taste
mango syrup, ml
canned mango,g
chard,g
mangosteen, pcs.
tangerine puree,g
candied tangerines, g
tangerine juice, g
tangerines, to taste
tangerines in their own juice, g
semolina,g
passion fruit,g
margarine, g
cream margarine, g
marmalade, to taste
sandwich marmalade, g
marsala, glass
martini,g
red martini,g
marzipan, to taste
green marzipan,g
pink marzipan,g
marshmallows, g
marshmallow cream,g
mini marshmallow,g
mascarpone, g
olives, g
seedless olives, g
avocado oil, g
grape seed oil, g
walnut oil,tsp.
deep-frying oil, g
pine nut oil, g
buttermilk, g
mastic,g
gelatin mastic,g
chocolate mastic,g
match,g
mafaldine, g
matzah,g
matsoni, g
mash, g
honey, g
acacia honey, g
buckwheat honey, g
liquid honey, g
lavender honey, g
melissa, g
meringues, pcs.
mussels, g
mussels in shells, g
large black mussels in shells, g
mussels in shells small green,g
frozen mussels, pcs.
smoked mussels in oil, g
microgreens, handful
almonds, g
roasted almonds, g
ground almonds, g
almond mass, g
almond flour,g
almond paste, g
almond essence,g
almond oil, g
almond milk,g
almond cookies, g
almond praline,g
almond petals, g
almond liqueur, g
almond syrup, g
almond extract, drop
peeled almonds, g
chopped almonds, g
mini corn, pcs.
lamprey, g
pollock, g
pollock liver, g
pollock fillet, g
miso paste, g
miso soup, package
juniper berries, g
capelin, g
shellfish, g
milk, g
"milk 0.5%", g
"milk 1.5%", g
"milk 2,5%", g
"milk 3,2%", g
"milk 3,6%", g
milk 4%, g
milk 6%, g
goat's milk, g
concentrated milk, g
rice milk, ml
condensed milk, g
condensed boiled milk,tbsp. l.
condensed milk with cocoa,g
dry milk,g
skimmed milk powder, tbsp.
melted milk, g
milk mixture, g
dairy products, g
seafood,pcs.
carrot puree,g
carrots, g
boiled carrots, g
large carrots, g
young carrot,g
Korean carrot,g
grated carrots, pcs.
ice cream,to taste
vanilla ice cream,g
strawberry ice cream,g
lemon ice cream,to taste
raspberry ice cream,g
ice cream sundae, g
chocolate ice cream,ml
cloudberry, g
scallops,kg
sea cocktail, g
sea cocktail in oil, packaging
frozen sea cocktail, g
sea devil, g
marine language, g
sea tongue fillet, g
mortadella, g
mozzarella,g
mozzarella for baking, g
pizza mozzarella,g
mini mozzarella,g
mozzarella with herbs, g
large mozzarella ball, g
flour,g
flour of 1 class, g
flour grade 2, g
Aladushkin flour, g
coarse flour,g
tempura flour,g
sprouted wheat flour, tbsp.
manitoba flour, g
self-raising flour, g
flour with bran,tsp.
flour with seeds, g
baking flour, g
whole grain flour, g
white nutmeg,ml
nutmeg wine, g
nutmeg,g
ground nutmeg,g
muesli,g
soft cottage cheese, g
meat broth, g
minced meat, g
meat, g
wild boar meat, g
krill meat, g
bone-in meat, kg
mint,g
dried mint,g
mint syrup, g
mint schnapps,g
nardek, g
nectarines, pcs.
boneless leg of lamb, g
nori, g
nougat,g
nougat with nuts, g
chickpeas, g
nutella,g
canned chickpeas, g
chickpea flour, g
sea buckthorn, g
frozen sea buckthorn,g
sea buckthorn syrup, glass
vegetables, g
vegetable mixture, g
frozen vegetable mixture, g
frozen vegetable mix for wok, g
Chinese vegetable mix, g
vegetable broth, to taste
oat flour, g
oat milk, glass
oatmeal cookies, g
oatmeal, g
oat grains, g
oat bran,g
oat flakes, g
instant oat flakes, g
cucumber pickle, glass
cucumbers, g
canned cucumbers, pcs.
lightly salted cucumbers, pcs.
pickled cucumbers,jar
fresh cucumbers, g
salted cucumbers, g
dandelions, g
ham,g
boiled and smoked ham,g
perch, g
red perch fillet, g
sea bass, g
sea bass fillet, g
perch fillet, g
venison,g
olives, g
pitted olives, g
green olives, to taste
canned green olives, jar
kalamata olives, g
canned olives, g
"olives stuffed with anchovies", g
black olives, to taste
olive paste, g
olive oil, g
Extra Virgin olive oil, g
prickly pear fruit, g
honey agarics, to taste
frozen honey mushrooms, g
marinated honey agarics, g
oregano,g
fresh oregano,g
dried oregano,g
nuts, g
brazil nuts, g
macadamia nuts, g
pecans, g
pine nuts, g
nut crumb, glass
nut paste, pcs.
walnut oil, tbsp.
nut liqueur, ml
walnut sauce, tbsp.
sturgeon, g
cold-smoked sturgeon,g
octopus, g
canned octopus,g
mini octopus,g
bran,g
collar,g
pagr, g
fenugreek, g
fenugreek seeds, g
halibut, g
palm oil, g
pangasius, g
panettone, pcs.
Panifarin,g
pancetta, g
papaya,g
canned papaya in its own juice, g
fern,g
salty fern, packaging
pappardelle, g
paprika,g
smoked paprika, tbsp.
red paprika,tbsp. l.
ground red paprika, g
hot smoked paprika,g
sweet paprika,g
sweet smoked paprika,g
sweet paprika flakes, tsp.
parmesan cheese, g
pasta,g
vegemite paste, g
tahini paste, g
harissa paste, tbsp.
parsnip,g
pastille, g
grape pastille, g
patissons, g
molasses,g
starch molasses,g
black molasses,g
buttermilk,g
pate,g
baking powder, g
baking powder,tsp.
pecorino, g
pectin,g
pelengas, g
dumplings, g
penne, g
penne rigate, g
pepperoncino,tsp.
pepperoncino ground, pinch
transfer sheet for chocolate, pcs.
quail, carcass
pepper, g
white pepper, g
white pepper, to taste
ground white pepper, g
freshly ground white pepper,tsp.
bulgarian pepper, g
yellow bulgarian pepper, g
green bell pepper, g
red bell pepper, g
peppercorns, g
peppercorns mixture, g
allspice,pinch
allspice, g
ground allspice, g
hot Spanish pepper,pcs.
cayenne pepper, g
red cayenne pepper, g
ground cayenne pepper, pinch
red pepper,g
red pepper, g
hot red pepper,g
ground red pepper,g
hot red pepper,g
ground red hot pepper,to taste
red pepper flakes, pinch
lemon pepper, g
pickled pepper, g
hot pepper,g
hot green pepper,pcs.
ground hot pepper, pinch
padron pepper, g
pepperoni pepper, g
pepperoni red pepper,pcs.
pink peppercorns, g
freshly ground pepper mixture, g
senegalese pepper,to taste
sweet pepper, g
sweet yellow pepper, g
sweet green pepper, g
sweet red pepper,g
pickled red sweet pepper,pcs.
ground red sweet pepper, g
sweet orange pepper, g
dried sweet pepper, g
Sichuan pepper, g
jalapeno pepper, g
pickled jalapeno pepper,pcs.
black pepper, tbsp.
black pepper, to taste
ground black pepper, g
freshly ground black pepper, g
chili pepper, g
green chili pepper, pod
red chili pepper, pod
pickled chili pepper,to taste
ground chili pepper, g
dry chili pepper, tbsp.
chili pepper flakes, to taste
jamaican pepper, g
pearl barley, g
pearl flour,g
peaches, g
canned peaches, g
dried peaches,handful
peach puree,g
peach jam,g
peach marmalade, tbsp.
peach syrup, ml
peach juice, g
pepper paste, tsp.
parsley,g
parsley greens, g
italian parsley, bunch
parsley root, g
chopped parsley, g
dried parsley, g
liver, g
cookies, to taste
Oreo cookies, g
Amaretti cookies, g
biscuits, g
hardtack cookies, pcs.
cookies "Ladies ' fingers", g
shortbread cookies, g
crumbly cookies, g
Savoyardi cookies, g
sugar cookies, g
sweet cookies, g
dry cookies, g
chocolate chip cookies, g
Jubilee milk cookies, g
beer, g
ginger beer, ml
unfiltered beer, g
light beer, g
dark beer, can
haddock, pcs.
pitas, to taste
jam,g
sunflower oil, g
sunflower seeds,g
spelt, g
unripe spelt, g
polenta, to taste
instant polenta, glass
pomelo,g
tomatoes, g
brown tomatoes, g
dried tomatoes, to taste
sun-dried tomatoes in oil, g
yellow tomatoes, pcs.
green tomatoes, kg
canned tomatoes, g
canned tomatoes in their own juice, g
canned tomatoes in their own juice with basil, g
passata mashed tomatoes, g
salted tomatoes, pcs.
dried tomatoes flakes, g
cherry tomatoes, g
yellow cherry tomatoes, g
popcorn,g
piglet, kg
port wine, g
portobello, g
purslane, g
pastry topping,to taste
kidneys, g
seasoning 4 peppers, g
seasoning 5 spices (five spice),tsp.
seasoning for lamb, tbsp.
seasoning for potatoes, g
seasoning for chicken, g
pasta seasoning,to taste
seasoning for marinating pork,to taste
seasoning for seafood,to taste
seasoning for meat, g
seasoning for paella, to taste
pizza seasoning,tsp.
seasoning for pilaf, g
seasoning for poultry, tbsp.
seasoning for fish, g
salad dressing,to taste
zaatar seasoning,tsp.
creole seasoning,tbsp.
seasoning with dried mushrooms, tsp.
seasonings, g
provencal herbs, g
provolone,g
prosecco,ml
curdled milk, g
whey protein,g
prosciutto, g
gingerbread,g
gingerbread spices, g
spices, g
psyllium,g
ptitim, g
pudding,g
vanilla pudding, g
vanilla instant pudding, packaging
caramel pudding, g
wheat,g
wheat groats, g
wheat flour, g
whole wheat flour, g
wheat germ, glass
wheat bran,g
wheat sprouts, g
wheat flakes, g
millet flakes, tbsp.
millet,g
flower pollen, g
puree,to taste
radicchio, pcs.
baking powder,g
crayfish, pcs.
cervical cancer, g
cancer necks in brine, g
rambutan, g
rapany, g
rapeseed oil, to taste
brine,g
brine from capers, tbsp.
pickle from olives, tbsp.
vegetable oil, g
vegetable oil for frying, g
unrefined vegetable oil,glass
refined vegetable oil, g
vegetable milk, glass
rhubarb, g
regan, twig
radish,g
radish,g
white radish, pcs.
green radish, pcs.
black radish, pcs.
turnip,g
white turnip,pcs.
rye sourdough,g
thick rye sourdough,g
rye flour, g
rye bran,g
rigatoni, g
ricotta, g
hard ricotta, g
rice, g
arborio rice, g
basmati rice, g
brown rice, g
brown and wild rice mix, g
boiled rice, g
viola rice, g
devzira rice, g
wild rice, g
wild and golden rice mixture, g
long-grain rice, g
long-grain golden rice, g
rice for pilaf, g
rice for pudding, g
rice for risotto,g
sushi rice,g
jasmine rice, g
golden rice, g
indica rice, g
italian rice, g
carnaroli rice, g
red rice, g
round-grain rice, g
kuban rice,g
rice paper, g
rice noodles, g
rice flour, g
rice wine,tsp.
rice flakes, g
air rice balls, g
rice starch, tbsp.
rice vinegar,to taste
steamed rice, g
steamed rice and wild mix, g
japanese rice, g
rye, g
rosemary, pcs.
dried rosemary,to taste
rose water, g
dried rosebuds, g
rose petals, g
roses, g
roquefort, g
rum, bottle
dried chamomile, g
rum extract, tsp.
dark rum, g
roast beef, g
rukola,g
knuckle,to taste
fish, g
white fish, g
white fish fillet, g
canned fish, jar
smoked fish, g
smoked fish fillet, g
red fish, g
salted red fish, g
red fish fillet, g
swordfish, g
sea fish, g
sunfish fillet, pcs.
salt fish, carcass
fish fillet, g
canned fish,g
fish bones, g
"fish trimmings, heads, fins", to taste
fish broth, g
fish sauce, g
Nam Pla fish sauce, g
thai fish sauce, g
minced fish,g
mountain ash, g
hazel grouse, g
ryazhenka,g
ryazhenka 4%, g
saida, g
saithe fillet, g
saury,g
canned saury,jar
sake,tbsp.
herring,g
salad,g
iceberg lettuce,g
chinese salad,g
corn salad, bunch
head of lettuce, g
curly salad, g
lettuce,g
salad mix, g
romano salad, g
frisse salad, g
fat,g
smoked lard in pepper, g
smoked bacon with meat layers, g
lard with meat layers, g
oil seal, g
salsa,g
salsa verde, tsp.
salami,g
italian salami,g
sausages, g
smoked sausages, g
small sardines, pcs.
sardines, g
sardines in oil, jar
sugar,g
vanilla sugar,g
demerara sugar, g
pearl sugar, g
brown sugar, g
coarse-grained brown sugar, g
muscovado sugar, handful
powdered sugar, g
powdered orange sugar, g
vanilla powdered sugar, g
sugar pearls, g
sugar confectionery decorations, handful
granulated sugar, g
granulated sugar coarse, g
fine granulated sugar, g
sugar syrup, g
palm sugar, g
refined sugar, g
refined sugar with cinnamon, g
cane sugar, g
svan salt, g
beetroot,g
boiled beetroot,g
beet tops, g
beet leaves, g
pork tenderloin, g
pork head, g
pork belly,g
pork loin, g
smoked pork loin, g
pork loin on the bone, g
boiled and smoked pork shoulder,g
pork pulp, g
pork flank, kg
pork liver, g
pork knuckle,to taste
boiled and smoked pork knuckle, g
smoked pork knuckle, g
pork neck, piece
pork,g
boiled pork,g
lean pork,g
pork with fat,g
pork heart, g
pork fillet, g
pork podcherevok, g
ground pork,g
pork tongue, g
pork cutlets on a bone, pcs.
pork lungs, g
pork legs, g
pork chops, g
pork chops on the bone, g
pork ribs, g
pig ears, pcs.
pork cheeks, pcs.
sviti, g
celery,g
celery greens, g
celery root, g
dried celery root,to taste
celery salt, g
celery seeds, tsp.
celery stalks, g
herring, g
lightly salted herring, g
salted herring, pcs.
herring fillet, g
salmon,g
smoked salmon, g
fresh salmon, g
salted salmon, g
salmon fillet on the skin, g
seeds, g
sunflower seeds mixture,tbsp. l.
semolina, g
boiled and smoked servelat,g
sea bass, g
cider,g
syrup, g
syrup from canned pears, g
syrup from canned peaches, tbsp.
jerusalem artichoke syrup, glass
mackerel, to taste
fresh mackerel,g
mackerel fillet, g
cold-smoked mackerel,g
cream, packaging
cream 10-20%, g
cream 15%, g
cream 20%, g
cream 33-35%, g
heavy cream,g
confectionery cream, g
plum paste, g
plum jam, g
plum wine, g
plum jam,g
plum liqueur, tbsp.
plum sauce, g
butter,g
plums, kg
frozen plums, g
smalets, g
cake mix, pcs.
pancake mix, g
bread mix 8 cereals, g
sour cream,g
sour cream 10%, g
sour cream 15%,tsp.
sour cream 18%, g
sour cream 20%, g
sour cream 25%, g
sour cream 30%, g
sour cream 35%, g
fat sour cream, g
low-fat sour cream, g
sour cream not sour, g
dried currant,g
currant leaves, g
dry morels, g
snowball, l
snyt, g
soda,g
soy flour, g
soybean oil, g
soy milk,g
soy sprouts, g
soy sauce,g
juice,g
red orange juice, ml
multivitamin juice, ml
yuzu juice, ml
malt,tsp.
liquid malt, g
malt extract, g
dark malt, g
straw,g
salt, g
himalayan salt, g
coarse salt, g
sea salt, g
catfish fillet, g
sausages, g
ground chicken sausages, pcs.
smoked sausages, g
sauce, g
black bean sauce, tbsp.
sambal oelek sauce, tsp.
barbecue sauce, g
Krasnodar sauce, g
hot red sauce, g
mirin sauce, to taste
narsharab sauce, g
hot sauce, g
pesto sauce, to taste
satsebeli sauce, g
tabasco sauce, drop
teriyaki sauce, g
tkemali sauce, glass
tkemali noble sauce, g
tkemali early sauce,tbsp. l.
oyster sauce, tsp.
chili sauce, g
sweet chili sauce, tsp.
exotic sauce, g
soy,g
spaghetti,g
spaghetti No. 3, g
spaghetti No. 5, g
spaghetti lungi, g
asparagus,kg
white asparagus,g
green asparagus,g
young asparagus, g
speck, g
spelt, glass
spelt (spelt) flour, g
spices, g
alcohol, g
spirulina powder, g
spread,g
horse mackerel, g
salmon steak, pcs.
salmon steak, g
glass noodles, g
strachatella, g
sudak, g
pike perch fillet, g
pike perch fillet on the skin, g
suluguni, g
smoked suluguni,g
sumakh, g
soup set, g
breadcrumbs, to taste
white breadcrumbs, g
ground breadcrumbs, g
breadcrumbs,g
rye breadcrumbs, g
breadcrumbs, g
dried fruits, g
dried tropical fruits, to taste
drying time, g
serum, g
cheese, g
tete de moine cheese, g
Austria blue cheese, g
Adyghe cheese, g
brie cheese, g
buko cheese, g
gouda cheese, g
goya cheese, g
dutch cheese, g
blue cheese, g
gravier cheese, g
dzhugas cheese, g
homemade cheese, g
dorblu cheese, g
Imereti cheese,g
kefalotiri cheese, g
curd curds, g
soft goat cheese, g
hard goat's cheese, g
sausage cheese, g
smoked cheese, g
cottage cheese, g
Mascarpone cheese, g
marble cheese, g
soft cheese, to taste
sheep's cheese, g
paneer cheese, g
pesce mignon cheese, g
processed cheese, g
processed chocolate cheese, g
cheese plates, g
semi-hard cheese, g
provola cheese, g
russian cheese, g
skamortsa cheese, g
skamortsa smoked cheese, g
cream cheese, g
cheese with mold,g
soft cheese with mold,g
hard cheese, g
philadelphia cheese, g
fontina cheese, g
havarti cheese, g
swiss cheese, g
rennet,tsp.
talejo, g
tagliolini, g
tagliatelle, g
tagliatelle-nests, pcs.
tamarind, pcs.
tamarind paste, tsp.
tapioca,g
tartlets, to taste
tartare,tbsp. l.
tarkhun, g
cottage cheese, g
cottage cheese 18%, g
cottage cheese 2%, g
cottage cheese 5%, g
cottage cheese 9%, g
fat cottage cheese, g
granulated cottage cheese, g
low-fat cottage cheese, g
curd mass, g
cottage cheese paste, g
cottage cheese,g
salted cottage cheese,g
strawberry curd,g
tequila,glass
veal, to taste
boiled veal,g
ground veal, g
veal chops on the bone, pcs.
veal schnitzels, pcs.
veal escalopes, g
veal tenderloin, g
veal liver,g
veal cheek, pcs.
yeast-free dough, g
ready-made dough, g
dough for wontons, g
pizza dough, pcs.
yeast dough,to taste
kataifi dough, g
pasta dough,g
pasta dough for lasagna, g
dumpling dough, g
shortbread dough, to taste
unleavened dough, g
gingerbread dough, g
puff pastry,g
puff pastry without yeast,to taste
yeast puff pastry, kg
dough filo, g
tilapia, g
tilapia fillet, g
tilsiter, g
thyme,handful
lemon thyme, sprig
fresh thyme, to taste
dried thyme,g
tkemali, g
cumin,g
ground cumin,g
tomato paste, g
tomato puree, g
tomato concentrate, g
tomato powder, g
tomato juice, g
tomato sauce,g
italian tomato sauce, g
hot tomato sauce, g
tomato sauce with basil,g
tonic,bottle
jerusalem artichoke,g
ghee, g
tortillas, to taste
tortilloni,g
tofu,g
aromatic herbs, g
herbs with pepper,tsp.
dry herbs, g
cod, g
cod liver,g
cod fillet, g
truffle,g
truffle crumbs, g
truffle oil, tbsp.
black truffle, pcs.
tuna, to taste
canned tuna,g
tuna fillet, g
stew, g
pumpkin,g
pumpkin oil, pcs.
pumpkin puree,g
pumpkin seeds, g
fresh tulka,g
eel,g
smoked eel,g
ugurt, g
dill,g
dill seed, tsp.
fresh dill,g
dried dill,g
vinegar,g
vinegar 9%, g
cider vinegar,tbsp.
vinegar essence, g
table vinegar, g
snails, g
grape snails, pcs.
apricot, g
oysters, g
duck breast, g
duck liver,g
duck fillet, g
duck thighs, g
duck legs, to taste
duck, to taste
baked duck, g
duck carcass,carcass
utsko-suneli, g
pheasant, g
minced meat (lamb and beef), g
minced meat (pork and chicken), g
beans, g
white beans, g
canned white beans, g
white lima beans, g
green string beans, g
kenyan beans,handful
kidney beans red, g
canned beans, g
red beans, g
boiled red beans, glass
canned red beans, g
frozen young beans, g
pinto beans, g
boiled asparagus beans, g
string beans, g
frozen string beans, g
canned string beans, g
black eye beans, g
feijoa, g
fennel,g
fennel seeds, g
ground fennel seeds, g
festonate,g
feta, g
fetaki,g
fetaxa, g
fettuccine, g
candied violets, pcs.
violet syrup, g
physalis,to taste
red perch fillet, pcs.
salmon fillet, g
halibut fillet, pcs.
dates, g
pitted dates, glass
iranian dates, g
pitted Iranian dates, pcs.
pistachios, g
peeled pistachios, g
a handful of peeled, unsalted pistachios
chopped pistachios, g
pistachio flour,g
pistachio paste, g
pistachio oil, g
focaccia, to taste
trout, g
boiled trout, g
hot smoked trout,g
fresh lake trout, pcs.
lightly salted trout, g
trout steaks, pcs.
trout fillet, g
cold-smoked trout, g
meatballs, g
dragon fruit, pcs.
fruit syrup, g
fruit juice, g
sugar-free fruit juice, glass
fructose, g
fruit, g
canned fruit, g
hazelnuts, g
hazelnut flour, g
funchosa, g
halva, g
vanilla halva,g
sunflower halva,g
halumi, g
ham,g
hake, g
hake fillet, g
sherry, glass
sherry vinegar,tsp.
bread, g
7 grain bread, loaf
white bread, g
dry white bread, g
Borodino bread, piece
danish rye bread, g
sandwich bread,g
breadcrumbs, g
rye bread, g
grey bread, g
sesame seed bread, piece
whole grain bread, g
whole-grain wheat and rye bread,g
flakes of 4 cereals, g
flakes of 5 cereals, g
flakes of 7 cereals, tbsp.
instant cereal,glass
calcium chloride, g
hops-suneli, g
hops,tbsp. l.
horseradish, g
mashed horseradish, g
horseradish with cream, g
persimmon, g
ripe persimmon, g
guinea fowl carcass, g
chicory,tsp.
candied citrus fruits,handful
candied citrus fruits, pcs.
fresh citrus juice, ml
candied fruits, g
zucchini,g
zucchini flowers, pcs.
chickens, g
savory, g
thyme,g
darjeeling tea, bag
jasmine tea, tbsp.
green tea, bag
smoked lapsang souchong tea, g
red tea, g
rooibos tea, tbsp.
black tea, g
large-leaved black tea, tsp.
black tea with spices, package
earl grey tea, glass
mango chutney, g
cheddar, g
bird cherry,g
cherry flour, g
wild garlic,g
cherry jam, g
sweet cherry,g
canned cherries without seeds,tbsp. l.
black currant,g
blueberries, g
frozen blueberries, g
cuttlefish ink, g
blueberry jam, glass
prunes, g
seedless prunes, g
dried prunes, g
smoked prunes without seeds, g
blackcurrant jam, g
blackcurrant jam, g
garlic,g
young garlic,g
dried garlic,g
garlic salt, pinch
garlic oil,to taste
garlic powder, g
lentils, g
boiled lentils, tbsp.
green lentils, g
red lentils, g
chechil spaghetti, g
ciabatta, piece
chia seeds, g
chipotle ground, pinch
chips, g
chorizo, g
sage,g
fresh sage, bunch
dried sage, leaf
champagne,g
soviet champagne, glass
dry champagne, tbsp.
mushrooms,to taste
frozen champignons, g
canned champignons, g
pickled champignons, g
fresh champignons, g
saffron,g
imereti saffron,g
ground saffron,tsp.
saffron threads, pcs.
mulberry, g
dried mulberry,g
rosehip,g
rosehip syrup, g
schnapps,g
chives,stem
chocolate,g
white chocolate,g
bitter chocolate with orange peel, g
milk chocolate,g
mint chocolate,g
chocolate paste,g
chocolate chips, g
chocolate butter, g
chocolate and nut paste, g
chocolate peas, g
chocolate drops, g
white chocolate drops, g
chocolate candies, g
chocolate flakes, g
chocolate balls from ready-made breakfasts, a handful
chocolate liqueur, g
chocolate syrup, g
chocolate sauce,g
semi-sweet chocolate,g
chocolate with nuts, g
bitter black chocolate, g
bitter black chocolate 70%, g
bitter black chocolate 75%,tsp.
bitter black chocolate 85%, g
shortening,glass
lard,pcs.
smoked bacon,g
spinach,g
frozen spinach,g
young spinach,g
fresh spinach,g
sprats, g
sprats in oil, g
meal,g
frozen sorrel,g
fresh sorrel, sprig
pike, g
pike fillet, g
eggnog, glass
edam, g
ale, ml
emmental, g
escalope, g
tarragon, g
dried tarragon, sprig
apples, g
antonovka apples, kg
apples gala, g
golden apples, g
granny smith apples, kg
green apples, g
red apples, pcs.
soaked apples, pcs.
non-hard apples, g
sweet apples, g
dried apples, g
apple essence,tsp.
apple jam, g
apple jam, g
applesauce,g
apple chips, glass
apple jam,g
apple syrup, tbsp.
apple juice, g
apple sauce, tbsp.
apple cider vinegar, g
lamb,g
lamb rump, g
ground lamb, g
lamb chops on the bone, pcs.
lamb drumstick chopped, g
lamb loin,g
berry jam,tbsp. l.
berry jelly, g
berry syrup, g
berry juice, g
sour berry sauce, g
berries, g
dried berries, to taste
frozen berries, g
wild berries, g
frozen forest berries, g
egg whites, g
egg yolks, g
boiled egg yolks, pcs.
large egg yolks, g
egg melange,g
egg powder, tbsp.
chicken eggs, g
large chicken eggs, g
quail eggs, g
japanese baby panko, g
barley flakes, g
barley,g
barley groats, g
